text_index,chunk_index,score
0,0,3
0,1,3
0,2,3
0,3,3
0,4,3
0,5,4
0,6,3
0,7,3
0,8,3
0,9,3
0,10,3
0,11,3
0,12,4
1,0,3
1,1,3
1,2,3
1,3,3
1,4,3
1,5,3
1,6,4
1,7,3
1,8,3
1,9,3
1,10,3
1,11,4
1,12,3
2,0,3
2,1,3
2,2,3
2,3,3
2,4,3
2,5,3
2,6,3
2,7,3
2,8,3
2,9,3
2,10,3
2,11,3
2,12,4
3,0,3
3,1,3
3,2,3
3,3,3
3,4,3
3,5,3
3,6,3
3,7,3
3,8,3
3,9,3
3,10,3
3,11,3
3,12,3
4,0,3
4,1,3
4,2,3
4,3,3
4,4,3
4,5,3
4,6,3
4,7,3
4,8,3
4,9,3
4,10,3
4,11,3
4,12,3
5,0,3
5,1,3
5,2,3
5,3,3
5,4,3
5,5,3
5,6,3
5,7,3
5,8,3
5,9,3
5,10,3
5,11,3
5,12,3
6,0,3
6,1,3
6,2,3
6,3,3
6,4,3
6,5,3
6,6,3
6,7,3
6,8,3
6,9,3
6,10,3
6,11,3
6,12,3
7,0,3
7,1,3
7,2,3
7,3,3
7,4,3
7,5,4
7,6,3
7,7,3
7,8,3
7,9,3
7,10,3
7,11,3
7,12,3
8,0,3
8,1,3
8,2,3
8,3,3
8,4,3
8,5,3
8,6,3
8,7,3
8,8,3
8,9,3
8,10,3
8,11,3
8,12,3
9,0,3
9,1,3
9,2,3
9,3,3
9,4,3
9,5,3
9,6,3
9,7,3
9,8,3
9,9,3
9,10,3
9,11,4
9,12,3
10,0,4
10,1,3
10,2,3
10,3,3
10,4,3
10,5,3
10,6,3
10,7,3
10,8,3
10,9,3
10,10,3
10,11,3
10,12,3
11,0,3
11,1,3
11,2,3
11,3,3
11,4,3
11,5,3
11,6,3
11,7,3
11,8,3
11,9,3
11,10,3
11,11,3
11,12,3
12,0,3
12,1,3
12,2,3
12,3,3
12,4,3
12,5,3
12,6,3
12,7,3
12,8,3
12,9,3
12,10,3
12,11,3
12,12,3
13,0,3
13,1,3
13,2,3
13,3,3
13,4,3
13,5,3
13,6,3
13,7,3
13,8,3
13,9,3
13,10,3
13,11,4
13,12,3
14,0,3
14,1,3
14,2,3
14,3,3
14,4,3
14,5,3
14,6,3
14,7,4
14,8,3
14,9,3
14,10,3
14,11,4
14,12,4
15,0,3
15,1,3
15,2,3
15,3,3
15,4,3
15,5,3
15,6,3
15,7,3
15,8,4
15,9,3
15,10,3
15,11,3
15,12,3
16,0,3
16,1,3
16,2,3
16,3,3
16,4,3
16,5,3
16,6,3
16,7,3
16,8,3
16,9,3
16,10,3
16,11,3
16,12,3
17,0,3
17,1,3
17,2,3
17,3,3
17,4,3
17,5,3
17,6,3
17,7,3
17,8,3
17,9,3
17,10,3
17,11,3
17,12,3
18,0,3
18,1,3
18,2,3
18,3,3
18,4,3
18,5,3
18,6,3
18,7,3
18,8,3
18,9,3
18,10,3
18,11,3
18,12,3
19,0,3
19,1,3
19,2,3
19,3,3
19,4,3
19,5,3
19,6,3
19,7,3
19,8,3
19,9,3
19,10,3
19,11,3
19,12,3
20,0,3
20,1,3
20,2,3
20,3,3
20,4,3
20,5,4
20,6,3
20,7,3
20,8,3
20,9,3
20,10,3
20,11,3
20,12,3
21,0,3
21,1,3
21,2,3
21,3,3
21,4,3
21,5,3
21,6,3
21,7,3
21,8,3
21,9,3
21,10,3
21,11,4
21,12,3
22,0,3
22,1,3
22,2,3
22,3,3
22,4,3
22,5,3
22,6,3
22,7,3
22,8,3
22,9,3
22,10,3
22,11,3
22,12,3
23,0,3
23,1,3
23,2,3
23,3,3
23,4,3
23,5,3
23,6,3
23,7,3
23,8,3
23,9,3
23,10,3
23,11,4
23,12,3
24,0,3
24,1,3
24,2,3
24,3,3
24,4,3
24,5,3
24,6,3
24,7,3
24,8,3
24,9,3
24,10,3
24,11,3
24,12,4
25,0,3
25,1,3
25,2,3
25,3,3
25,4,3
25,5,3
25,6,3
25,7,3
25,8,3
25,9,3
25,10,3
25,11,3
25,12,3
26,0,4
26,1,3
26,2,3
26,3,3
26,4,3
26,5,3
26,6,3
26,7,3
26,8,3
26,9,3
26,10,3
26,11,3
26,12,4
27,0,3
27,1,3
27,2,3
27,3,3
27,4,3
27,5,3
27,6,3
27,7,3
27,8,3
27,9,3
27,10,3
27,11,3
27,12,3
28,0,3
28,1,3
28,2,3
28,3,3
28,4,3
28,5,3
28,6,4
28,7,3
28,8,3
28,9,3
28,10,3
28,11,4
28,12,3
29,0,3
29,1,3
29,2,3
29,3,3
29,4,3
29,5,3
29,6,3
29,7,3
29,8,3
29,9,3
29,10,3
29,11,4
29,12,3
30,0,3
30,1,3
30,2,3
30,3,3
30,4,3
30,5,4
30,6,3
30,7,3
30,8,3
30,9,3
30,10,3
30,11,3
30,12,3
31,0,3
31,1,3
31,2,3
31,3,3
31,4,3
31,5,3
31,6,3
31,7,3
31,8,3
31,9,3
31,10,3
31,11,3
31,12,3
32,0,3
32,1,3
32,2,3
32,3,3
32,4,3
32,5,3
32,6,3
32,7,3
32,8,3
32,9,3
32,10,3
32,11,3
32,12,3
33,0,3
33,1,3
33,2,4
33,3,3
33,4,3
33,5,3
33,6,3
33,7,3
33,8,3
33,9,3
33,10,3
33,11,3
33,12,3
34,0,3
34,1,3
34,2,4
34,3,3
34,4,3
34,5,3
34,6,3
34,7,3
34,8,3
34,9,3
34,10,3
34,11,3
34,12,4
35,0,3
35,1,4
35,2,3
35,3,3
35,4,3
35,5,3
35,6,3
35,7,3
35,8,3
35,9,3
35,10,3
35,11,4
35,12,3
36,0,3
36,1,3
36,2,3
36,3,3
36,4,3
36,5,3
36,6,3
36,7,3
36,8,3
36,9,3
36,10,3
36,11,4
36,12,3
37,0,3
37,1,3
37,2,3
37,3,3
37,4,3
37,5,3
37,6,3
37,7,3
37,8,3
37,9,3
37,10,3
37,11,3
37,12,3
38,0,3
38,1,3
38,2,3
38,3,3
38,4,3
38,5,3
38,6,3
38,7,3
38,8,3
38,9,3
38,10,3
38,11,3
38,12,3
39,0,3
39,1,3
39,2,3
39,3,3
39,4,3
39,5,3
39,6,3
39,7,3
39,8,3
39,9,3
39,10,3
39,11,4
39,12,3
40,0,3
40,1,3
40,2,3
40,3,3
40,4,3
40,5,3
40,6,4
40,7,3
40,8,3
40,9,3
40,10,3
40,11,3
40,12,3
41,0,3
41,1,3
41,2,3
41,3,3
41,4,3
41,5,3
41,6,3
41,7,3
41,8,3
41,9,3
41,10,3
41,11,3
41,12,3
42,0,3
42,1,3
42,2,3
42,3,3
42,4,3
42,5,3
42,6,3
42,7,3
42,8,3
42,9,3
42,10,3
42,11,3
42,12,3
43,0,3
43,1,3
43,2,3
43,3,3
43,4,3
43,5,3
43,6,3
43,7,3
43,8,3
43,9,3
43,10,3
43,11,3
43,12,3
44,0,3
44,1,3
44,2,3
44,3,3
44,4,3
44,5,4
44,6,3
44,7,3
44,8,4
44,9,3
44,10,3
44,11,3
44,12,4
45,0,3
45,1,3
45,2,3
45,3,3
45,4,3
45,5,3
45,6,3
45,7,3
45,8,3
45,9,3
45,10,3
45,11,4
45,12,3
46,0,3
46,1,3
46,2,3
46,3,3
46,4,3
46,5,4
46,6,3
46,7,3
46,8,3
46,9,3
46,10,3
46,11,4
46,12,4
47,0,3
47,1,3
47,2,3
47,3,3
47,4,3
47,5,3
47,6,3
47,7,3
47,8,3
47,9,3
47,10,3
47,11,4
47,12,4
